text,label,score_positive,score_neutral,score_negative
AAPL rips after strong guidance,POSITIVE,0.9976785778999329,0.00011510476906551048,0.002206267323344946
TSLA falls on delivery miss,NEUTRAL,5.803171006846242e-06,0.9210174083709717,0.07897678017616272
NVDA guidance in line; market reaction mixed,NEUTRAL,0.08803029358386993,0.9020488858222961,0.009920896030962467
